{"schemaVersion":"1.0","appDefinitionTemplate":{"id":"/providers/Microsoft.PowerApps/apps/","type":"Microsoft.PowerApps/apps","tags":{"primaryDeviceWidth":"640","primaryDeviceHeight":"1136","supportsPortrait":"true","supportsLandscape":"true","primaryFormFactor":"Phone","showStatusBar":"false","publisherVersion":"3.24042.28","minimumRequiredApiVersion":"2.2.0","hasComponent":"false","hasUnlockedComponent":"false","isUnifiedRootApp":"false","sienaVersion":"20240426T185303Z-3.24042.28.0"},"properties":{"appVersion":"2024-04-26T19:11:30Z","lifeCycleId":"Published","createdByClientVersion":{"major":3,"minor":24042,"build":28,"revision":0,"majorRevision":0,"minorRevision":0},"minClientVersion":{"major":3,"minor":24042,"build":28,"revision":0,"majorRevision":0,"minorRevision":0},"backgroundColor":"RGBA(0,176,240,1)","backgroundImageUri":"/17062283276056057808/N6e8856c5-8604-4e4f-a0bd-bcd3fdbffe4b-N8157b016-1f3a-472c-acb9-dbd964d732b3-logoSmallFile","displayName":"AssistaBullvFinal","description":"","commitMessage":"","appUris":{"documentUri":{"value":"/17062283276056057808/N9689a31b-ee39-4ac9-9701-fbb81fa1c2d8-N14eaacc9-779d-4f10-b803-3930362fe124-document.msapp"},"imageUris":[],"additionalUris":[]},"createdTime":"0001-01-01T00:00:00Z","lastModifiedTime":"0001-01-01T00:00:00Z","sharedGroupsCount":0,"sharedUsersCount":0,"connectionReferences":{"466bd31f-3a5e-44f1-923b-aad33d3f2d8b":{"id":"009cf329-4387-437b-b6c7-b8bd3e554920","displayName":"SharePoint","iconUri":"https://connectoricons-prod.azureedge.net/releases/v1.0.1685/1.0.1685.3700/sharepointonline/icon.png","dataSources":["MapPinsv6","TranscriptionFolder","Documents","TranscribeAudio"],"dependencies":[],"dependents":["b9f75e27-564b-4f9f-8fc9-f53531d0a56b"],"parameterHints":{},"parameterHintsV2":{},"isOnPremiseConnection":false,"bypassConsent":false,"dataSets":{"https://m365x41176767.sharepoint.com/sites/AccessiBullSharepoint":{"dataSources":{"MapPinsv6":{"tableName":"a83b546c-9fad-4274-91dd-79c54b449072"}}}},"apiTier":"Standard","isCustomApiConnection":false,"actions":["providers/PowerPlatform.Governance/Operations/Read","providers/PowerPlatform.Governance/Operations/Write","providers/PowerPlatform.Governance/Operations/Delete"]},"fe3131a0-ced4-4210-9d3e-b7bfc6363f4c":{"id":"c11eb887-9d4a-4c71-b107-e4c386dca942","displayName":"Computer Vision API","runtimePolicyName":"0e212cec-c295-45d0-9452-3d4272ca729a","executionRestrictions":{"version":1,"modifiedOn":"2024-04-26 18:53:00","appVer":"3.24042.28","apiId":"/providers/microsoft.powerapps/apis/shared_cognitiveservicescomputervision","policy":"{\"type\":\"action\",\"dataSources\":{\"actions\":[\"describeimagecontentv2\"]}}"},"iconUri":"https://connectoricons-prod.azureedge.net/releases/v1.0.1680/1.0.1680.3652/cognitiveservicescomputervision/icon.png","dataSources":["ComputerVisionAPI"],"dependencies":[],"dependents":[],"parameterHints":{},"parameterHintsV2":{},"isOnPremiseConnection":false,"sharedConnectionId":"96124994-0093-4dc9-9ea6-aa98b5ba1e87","bypassConsent":false,"dataSets":{},"apiTier":"Standard","isCustomApiConnection":false,"authenticationType":"keyBasedAuth","actions":["DescribeImageContentV2"]},"b5f63437-70c3-4e4d-984a-76ab8581962d":{"id":"009cf329-4387-437b-b6c7-b8bd3e554920","displayName":"SharePoint","iconUri":"https://connectoricons-prod.azureedge.net/releases/v1.0.1685/1.0.1685.3700/sharepointonline/icon.png","dataSources":["TranscribeAudio","Documents","TranscriptionFolder"],"dependencies":[],"dependents":[],"parameterHints":{},"parameterHintsV2":{},"isOnPremiseConnection":false,"bypassConsent":false,"dataSets":{"https://m365x41176767.sharepoint.com/sites/AccessiBullSharepoint":{"dataSources":{"TranscribeAudio":{"tableName":"8ff91b89-2884-4e63-b6a5-2fbc5aec4b8e"},"Documents":{"tableName":"f12086db-0938-4d6f-b045-0f7136349e29"},"TranscriptionFolder":{"tableName":"46971a6c-cd6f-4d55-9209-2bf4e4fcfaf9"}}}},"apiTier":"Standard","isCustomApiConnection":false,"actions":["providers/PowerPlatform.Governance/Operations/Read","providers/PowerPlatform.Governance/Operations/Write"]},"d8bfa1fb-d1bf-4e5d-87d1-77340279aae2":{"id":"3dcbd2d8-2db6-4d9a-8d34-ee9aaf20d0a2","displayName":"Logic flows","iconUri":"https://connectoricons-prod.azureedge.net/releases/v1.0.1680/1.0.1680.3652/logicflows/icon.png","dataSources":["ClickabuttoninPowerAppstosendanemail"],"dependencies":["dc039250-77b6-4662-9ef9-d3f00d71c890"],"dependents":[],"parameterHints":{"workflowName":{"value":"4d229bbb-bb9a-43b1-987e-cc9b198bdf8b"},"workflowEntityId":{},"workflowDisplayName":{"value":"Click a button in Power Apps to send an email"},"dc039250-77b6-4662-9ef9-d3f00d71c890":{"value":"shared_office365"}},"parameterHintsV2":{"workflowName":{"value":"4d229bbb-bb9a-43b1-987e-cc9b198bdf8b"},"workflowEntityId":{},"workflowDisplayName":{"value":"Click a button in Power Apps to send an email"},"shared_office365":{"value":"dc039250-77b6-4662-9ef9-d3f00d71c890"}},"isOnPremiseConnection":false,"bypassConsent":false,"dataSets":{},"apiTier":"Standard","isCustomApiConnection":false,"actions":["Run"],"nestedActions":[{"id":"/providers/Microsoft.PowerApps/apis/shared_office365/apiOperations/SendEmailV2","apiName":"Office 365 Outlook","actionName":"SendEmailV2","referencedResources":[]}]},"dc039250-77b6-4662-9ef9-d3f00d71c890":{"id":"26035809-e116-43f8-962c-4f3efe058fcc","displayName":"Office 365 Outlook","iconUri":"https://connectoricons-prod.azureedge.net/releases/v1.0.1677/1.0.1677.3637/office365/icon.png","dataSources":[],"dependencies":[],"dependents":["d8bfa1fb-d1bf-4e5d-87d1-77340279aae2"],"parameterHints":{},"parameterHintsV2":{},"isOnPremiseConnection":false,"bypassConsent":false,"dataSets":{},"apiTier":"Standard","isCustomApiConnection":false},"74304253-91a6-457b-a1a5-78350d5d14c8":{"id":"85e2251e-a1cb-47a4-a87b-80954c4ce5a4","displayName":"Azure Blob Storage","runtimePolicyName":"cbcb5a04-abfa-4d4d-8153-1c0f6b8fd5c5","executionRestrictions":{"version":1,"modifiedOn":"2024-04-26 18:53:00","appVer":"3.24042.28","apiId":"/providers/microsoft.powerapps/apis/shared_azureblob","policy":"{\"type\":\"action\",\"dataSources\":{\"actions\":[\"createfile\"]}}"},"iconUri":"https://connectoricons-prod.azureedge.net/releases/v1.0.1683/1.0.1683.3686/azureblob/icon.png","dataSources":["AzureBlobStorage"],"dependencies":[],"dependents":[],"parameterHints":{},"parameterHintsV2":{},"isOnPremiseConnection":false,"sharedConnectionId":"bc5a4168-15ed-45ca-b6fb-e6948cace5f7","bypassConsent":false,"dataSets":{},"apiTier":"Premium","isCustomApiConnection":false,"authenticationType":"keyBasedAuth","actions":["CreateFile"],"endpoints":["accessibulltable"]},"48988db3-81aa-4b41-9405-0cf8f0c1227f":{"id":"0f2d2503-3d5b-4737-8173-f9fadfac465b","displayName":"Spatial Services","iconUri":"https://connectoricons-prod.azureedge.net/releases/v1.0.1675/1.0.1675.3608/microsoftspatialservices/icon.png","dataSources":["SpatialServices"],"dependencies":[],"dependents":[],"parameterHints":{},"parameterHintsV2":{},"isOnPremiseConnection":false,"bypassConsent":false,"dataSets":{},"apiTier":"Premium","isCustomApiConnection":false},"f05df5af-68e6-4474-a4ac-e2ea11120a5d":{"id":"3dcbd2d8-2db6-4d9a-8d34-ee9aaf20d0a2","displayName":"Logic flows","iconUri":"https://connectoricons-prod.azureedge.net/releases/v1.0.1680/1.0.1680.3652/logicflows/icon.png","dataSources":["GenerateAudioSrc"],"dependencies":[],"dependents":[],"parameterHints":{"workflowName":{"value":"00299613-e8ca-4366-bd36-add892a8e23a"},"workflowEntityId":{},"workflowDisplayName":{"value":"GenerateAudioSrc"}},"parameterHintsV2":{"workflowName":{"value":"00299613-e8ca-4366-bd36-add892a8e23a"},"workflowEntityId":{},"workflowDisplayName":{"value":"GenerateAudioSrc"}},"isOnPremiseConnection":false,"bypassConsent":false,"dataSets":{},"apiTier":"Standard","isCustomApiConnection":false,"actions":["Run"],"nestedActions":[]},"b9f75e27-564b-4f9f-8fc9-f53531d0a56b":{"id":"3dcbd2d8-2db6-4d9a-8d34-ee9aaf20d0a2","displayName":"Logic flows","iconUri":"https://connectoricons-prod.azureedge.net/releases/v1.0.1680/1.0.1680.3652/logicflows/icon.png","dataSources":["mp3_to_sp"],"dependencies":["466bd31f-3a5e-44f1-923b-aad33d3f2d8b"],"dependents":[],"parameterHints":{"workflowName":{"value":"fb96dce7-71e5-4b0e-89bf-53eae28fc3f0"},"workflowEntityId":{},"workflowDisplayName":{"value":"mp3_to_sp"},"466bd31f-3a5e-44f1-923b-aad33d3f2d8b":{"value":"shared_sharepointonline"}},"parameterHintsV2":{"workflowName":{"value":"fb96dce7-71e5-4b0e-89bf-53eae28fc3f0"},"workflowEntityId":{},"workflowDisplayName":{"value":"mp3_to_sp"},"shared_sharepointonline":{"value":"466bd31f-3a5e-44f1-923b-aad33d3f2d8b"}},"isOnPremiseConnection":false,"bypassConsent":false,"dataSets":{},"apiTier":"Standard","isCustomApiConnection":false,"nestedActions":[{"id":"/providers/Microsoft.PowerApps/apis/shared_sharepointonline/apiOperations/CreateAttachment","apiName":"SharePoint","actionName":"CreateAttachment","referencedResources":[{"key":"site","value":"https://m365x41176767.sharepoint.com/sites/AccessiBullSharepoint"},{"key":"list","value":"8be56a68-2dd7-4c1a-952d-29bc51edec5c"}]},{"id":"/providers/Microsoft.PowerApps/apis/shared_sharepointonline/apiOperations/PostItem","apiName":"SharePoint","actionName":"PostItem","referencedResources":[{"key":"site","value":"https://m365x41176767.sharepoint.com/sites/AccessiBullSharepoint"},{"key":"list","value":"8be56a68-2dd7-4c1a-952d-29bc51edec5c"}]},{"id":"/providers/Microsoft.PowerApps/apis/shared_sharepointonline/apiOperations/GetItems","apiName":"SharePoint","actionName":"GetItems","referencedResources":[{"key":"site","value":"https://m365x41176767.sharepoint.com/sites/AccessiBullSharepoint"},{"key":"list","value":"8be56a68-2dd7-4c1a-952d-29bc51edec5c"}]},{"id":"/providers/Microsoft.PowerApps/apis/shared_sharepointonline/apiOperations/DeleteItem","apiName":"SharePoint","actionName":"DeleteItem","referencedResources":[{"key":"site","value":"https://m365x41176767.sharepoint.com/sites/AccessiBullSharepoint"},{"key":"list","value":"8be56a68-2dd7-4c1a-952d-29bc51edec5c"}]}]},"634581ce-a5e7-4ef6-b80a-626d88d46ef6":{"id":"3dcbd2d8-2db6-4d9a-8d34-ee9aaf20d0a2","displayName":"Logic flows","iconUri":"https://connectoricons-prod.azureedge.net/releases/v1.0.1680/1.0.1680.3652/logicflows/icon.png","dataSources":["goodExtract"],"dependencies":[],"dependents":[],"parameterHints":{"workflowName":{"value":"e81a8d43-4795-499b-9ca6-59b8aaf09bb1"},"workflowEntityId":{"value":"c042a061-cb5d-eb11-a812-001dd8305eb0"},"workflowDisplayName":{"value":"goodExtract"}},"parameterHintsV2":{"workflowName":{"value":"e81a8d43-4795-499b-9ca6-59b8aaf09bb1"},"workflowEntityId":{"value":"c042a061-cb5d-eb11-a812-001dd8305eb0"},"workflowDisplayName":{"value":"goodExtract"}},"isOnPremiseConnection":false,"bypassConsent":false,"dataSets":{},"apiTier":"Standard","isCustomApiConnection":false,"actions":["Run"],"nestedActions":[]},"061bcc0d-1a25-45d6-a49f-d78d4e963536":{"id":"3dcbd2d8-2db6-4d9a-8d34-ee9aaf20d0a2","displayName":"Logic flows","iconUri":"https://connectoricons-prod.azureedge.net/releases/v1.0.1680/1.0.1680.3652/logicflows/icon.png","dataSources":["voice_rss"],"dependencies":[],"dependents":[],"parameterHints":{"workflowName":{"value":"0beee266-4c50-4dbc-97ce-e95263f75cfd"},"workflowEntityId":{},"workflowDisplayName":{"value":"voice_rss"}},"parameterHintsV2":{"workflowName":{"value":"0beee266-4c50-4dbc-97ce-e95263f75cfd"},"workflowEntityId":{},"workflowDisplayName":{"value":"voice_rss"}},"isOnPremiseConnection":false,"bypassConsent":false,"dataSets":{},"apiTier":"Standard","isCustomApiConnection":false,"nestedActions":[]},"60b90824-4ad1-4747-939e-2e40fe85c587":{"id":"9739ce07-ff11-40ed-9c0e-0d0d98291ee5","displayName":"OpenAIWhisper","iconUri":"https://az787822.vo.msecnd.net/defaulticons/api-dedicated.png","dataSources":["WhisperOpenAI"],"dependencies":[],"dependents":[],"parameterHints":{},"parameterHintsV2":{},"isOnPremiseConnection":false,"bypassConsent":false,"dataSets":{},"apiTier":"Standard","isCustomApiConnection":true,"actions":["Speech2Text"]}},"databaseReferences":{"default.cds":{"databaseDetails":{"referenceType":"Environmental","environmentName":"default.cds","overrideValues":{"status":"NotSpecified","environmentVariableName":""}},"dataSources":{"43b0dc67-68af-47ae-9a9c-9e69d396ba3e":{"entitySetName":"msdyn_aimodels","logicalName":"msdyn_aimodel","isHidden":false}}}},"almMode":"Environment","performanceOptimizationEnabled":true,"canConsumeAppPass":true,"enableModernRuntimeMode":false,"executionRestrictions":{"isTeamsOnly":false,"dataLossPreventionEvaluationResult":{"status":"Compliant","lastEvaluationDate":"2024-04-26T18:53:15.7232163Z","violations":[],"violationsByPolicy":[],"violationErrorMessage":"The app uses the following connectors: shared_sharepointonline, shared_cognitiveservicescomputervision, shared_logicflows, shared_office365, shared_azureblob, shared_microsoftspatialservices, shared_openaiwhisper-5fd8cd7db6872f9fce-5fde447c73ed0116a3, shared_commondataservice."},"httpActionRestriction":{"appUsesSharepointHttpAction":false,"enforcementStrategy":"Legacy","evaluationTime":"2024-04-26T18:53:15.7231034Z"}}},"appType":"ClassicCanvasApp","appComponents":[]}}