{"name":"92287b98-9e48-41db-92cd-d3f630b22db2","id":"/providers/Microsoft.Flow/flows/92287b98-9e48-41db-92cd-d3f630b22db2","type":"Microsoft.Flow/flows","properties":{"apiId":"/providers/Microsoft.PowerApps/apis/shared_logicflows","displayName":"Click a button in Power Apps to send an email","definition":{"metadata":{"workflowEntityId":null,"processAdvisorMetadata":null,"flowChargedByPaygo":null,"flowclientsuspensionreason":"None","flowclientsuspensiontime":null,"flowclientsuspensionreasondetails":null,"creator":{"id":"1cbcac51-2613-4aad-af52-e0262dd0e325","type":"User","tenantId":"368845eb-8556-4477-8057-b6b0a1cc73a4"},"provisioningMethod":"FromDefinition","failureAlertSubscription":true,"clientLastModifiedTime":"2024-04-26T19:26:06.1007452Z","connectionKeySavedTimeKey":"2024-04-26T19:11:16.1468506Z"},"$schema":"https://schema.management.azure.com/providers/Microsoft.Logic/schemas/2016-06-01/workflowdefinition.json#","contentVersion":"1.0.0.0","parameters":{"$connections":{"defaultValue":{},"type":"Object"},"$authentication":{"defaultValue":{},"type":"SecureObject"}},"triggers":{"manual":{"type":"Request","kind":"PowerAppV2","inputs":{"schema":{"type":"object","properties":{"Sendanemail(V2)_To":{"type":"string","format":"email","description":"Specify email addresses separated by semicolons like someone@contoso.com","x-ms-powerflows-param-ispartial":false},"Sendanemail(V2)_Subject":{"type":"string","description":"Specify the subject of the mail","x-ms-powerflows-param-ispartial":false},"Sendanemail(V2)_Body":{"type":"string","format":"html","description":"Specify the body of the mail. This parameter is used as part of \"315C2EF3-14A7-43A5-880A-93A16AA4D9AE\"","x-ms-powerflows-param-ispartial":true}},"required":["Sendanemail(V2)_To","Sendanemail(V2)_Subject","Sendanemail(V2)_Body"]}}}},"actions":{"Send_an_email_(V2)":{"runAfter":{},"type":"OpenApiConnection","inputs":{"host":{"apiId":"/providers/Microsoft.PowerApps/apis/shared_office365","connectionName":"shared_office365","operationId":"SendEmailV2"},"parameters":{"emailMessage/To":"@triggerBody()['Sendanemail(V2)_To']","emailMessage/Subject":"@triggerBody()['Sendanemail(V2)_Subject']","emailMessage/Body":"<p>@{triggerBody()['Sendanemail(V2)_Body']}</p>"},"authentication":{"value":"@json(decodeBase64(triggerOutputs().headers['X-MS-APIM-Tokens']))['$ConnectionKey']","type":"Raw"}}}},"outputs":{},"description":"Click a button in a Power Apps application to send a email to a specified email address."},"connectionReferences":{"shared_office365":{"connectionName":"43c5c4c5c94246df99147b3b9ff91835","source":"Invoker","id":"/providers/Microsoft.PowerApps/apis/shared_office365","tier":"NotSpecified"}},"flowFailureAlertSubscribed":false,"isManaged":false}}