{"name":"5e6fccb5-bfab-439b-929b-c1432aa7e88c","id":"/providers/Microsoft.Flow/flows/5e6fccb5-bfab-439b-929b-c1432aa7e88c","type":"Microsoft.Flow/flows","properties":{"apiId":"/providers/Microsoft.PowerApps/apis/shared_logicflows","displayName":"mp3_to_sp - 2","definition":{"metadata":{"workflowEntityId":null,"processAdvisorMetadata":null,"flowChargedByPaygo":null,"flowclientsuspensionreason":"None","flowclientsuspensiontime":null,"flowclientsuspensionreasondetails":null,"creator":{"id":"1cbcac51-2613-4aad-af52-e0262dd0e325","type":"User","tenantId":"368845eb-8556-4477-8057-b6b0a1cc73a4"},"provisioningMethod":"FromDefinition","failureAlertSubscription":true,"clientLastModifiedTime":"2024-04-26T19:26:04.1373579Z","connectionKeySavedTimeKey":"2024-04-26T19:11:15.9124769Z"},"$schema":"https://schema.management.azure.com/providers/Microsoft.Logic/schemas/2016-06-01/workflowdefinition.json#","contentVersion":"1.0.0.0","parameters":{"$authentication":{"defaultValue":{},"type":"SecureObject"},"$connections":{"defaultValue":{},"type":"Object"}},"triggers":{"manual":{"metadata":{"operationMetadataId":"b4ad324f-a229-470b-bf1b-8717afbb66c7"},"type":"Request","kind":"PowerAppV2","inputs":{"schema":{"type":"object","properties":{"text":{"title":"mp3Data","type":"string","x-ms-dynamically-added":true,"description":"mp3 Audio Codec to be saved to sharepoint","x-ms-content-hint":"TEXT"}},"required":["text"]}}}},"actions":{"Add_attachment":{"runAfter":{"Create_item":["Succeeded"]},"metadata":{"operationMetadataId":"47db3b09-c74f-4185-ad63-b41e65ded75c"},"type":"OpenApiConnection","inputs":{"parameters":{"dataset":"https://m365x41176767.sharepoint.com/sites/AccessiBullSharepoint","table":"8be56a68-2dd7-4c1a-952d-29bc51edec5c","itemId":"@body('Create_item')?['ID']","displayName":"placeholder.mp3","body":"@triggerBody()['text']"},"host":{"apiId":"/providers/Microsoft.PowerApps/apis/shared_sharepointonline","connectionName":"shared_sharepointonline","operationId":"CreateAttachment"},"authentication":{"value":"@json(decodeBase64(triggerOutputs().headers['X-MS-APIM-Tokens']))['$ConnectionKey']","type":"Raw"}}},"Create_item":{"runAfter":{"Apply_to_each":["Succeeded"]},"type":"OpenApiConnection","inputs":{"parameters":{"dataset":"https://m365x41176767.sharepoint.com/sites/AccessiBullSharepoint","table":"8be56a68-2dd7-4c1a-952d-29bc51edec5c"},"host":{"apiId":"/providers/Microsoft.PowerApps/apis/shared_sharepointonline","connectionName":"shared_sharepointonline","operationId":"PostItem"},"authentication":{"value":"@json(decodeBase64(triggerOutputs().headers['X-MS-APIM-Tokens']))['$ConnectionKey']","type":"Raw"}}},"Get_items":{"runAfter":{},"type":"OpenApiConnection","inputs":{"parameters":{"dataset":"https://m365x41176767.sharepoint.com/sites/AccessiBullSharepoint","table":"8be56a68-2dd7-4c1a-952d-29bc51edec5c"},"host":{"apiId":"/providers/Microsoft.PowerApps/apis/shared_sharepointonline","connectionName":"shared_sharepointonline","operationId":"GetItems"},"authentication":{"value":"@json(decodeBase64(triggerOutputs().headers['X-MS-APIM-Tokens']))['$ConnectionKey']","type":"Raw"}}},"Apply_to_each":{"foreach":"@outputs('Get_items')?['body/value']","actions":{"Delete_item":{"type":"OpenApiConnection","inputs":{"parameters":{"dataset":"https://m365x41176767.sharepoint.com/sites/AccessiBullSharepoint","table":"8be56a68-2dd7-4c1a-952d-29bc51edec5c","id":"@items('Apply_to_each')?['ID']"},"host":{"apiId":"/providers/Microsoft.PowerApps/apis/shared_sharepointonline","connectionName":"shared_sharepointonline","operationId":"DeleteItem"},"authentication":{"value":"@json(decodeBase64(triggerOutputs().headers['X-MS-APIM-Tokens']))['$ConnectionKey']","type":"Raw"}}}},"runAfter":{"Get_items":["Succeeded"]},"type":"Foreach"}}},"connectionReferences":{"shared_sharepointonline":{"connectionName":"625cd4913d2d44b38692aae31ab196c9","source":"Invoker","id":"/providers/Microsoft.PowerApps/apis/shared_sharepointonline","tier":"NotSpecified"}},"flowFailureAlertSubscribed":false,"isManaged":false}}