{"name":"4cc22bd7-8b79-4a71-8efe-2394359f607f","id":"/providers/Microsoft.Flow/flows/4cc22bd7-8b79-4a71-8efe-2394359f607f","type":"Microsoft.Flow/flows","properties":{"apiId":"/providers/Microsoft.PowerApps/apis/shared_logicflows","displayName":"GenerateAudioSrc - 2","definition":{"metadata":{"workflowEntityId":null,"processAdvisorMetadata":null,"flowChargedByPaygo":null,"flowclientsuspensionreason":"None","flowclientsuspensiontime":null,"flowclientsuspensionreasondetails":null,"creator":{"id":"1cbcac51-2613-4aad-af52-e0262dd0e325","type":"User","tenantId":"368845eb-8556-4477-8057-b6b0a1cc73a4"},"provisioningMethod":"FromDefinition","failureAlertSubscription":true,"clientLastModifiedTime":"2024-04-26T19:23:22.0754336Z","connectionKeySavedTimeKey":"2024-04-26T19:11:04.0716915Z"},"$schema":"https://schema.management.azure.com/providers/Microsoft.Logic/schemas/2016-06-01/workflowdefinition.json#","contentVersion":"undefined","parameters":{"$authentication":{"defaultValue":{},"type":"SecureObject"},"$connections":{"defaultValue":{},"type":"Object"}},"triggers":{"manual":{"type":"Request","kind":"PowerAppV2","inputs":{"schema":{"type":"object","properties":{"text":{"description":"text_to_say","title":"text_to_say","type":"string","x-ms-content-hint":"TEXT","x-ms-dynamically-added":true}},"required":["text"]}}}},"actions":{"Initialize_variable":{"runAfter":{},"type":"InitializeVariable","inputs":{"variables":[{"name":"encoded","type":"string","value":"@{concat('http://api.voicerss.org/?key=2cfcaa7dcb9b4f78bac2f3f078fcc14c&hl=en-us&c=MP3&f=16khz_16bit_stereo&src=', encodeUriComponent(triggerBody()?['text']))}"}]}},"Respond_to_a_PowerApp_or_flow":{"runAfter":{"Initialize_variable":["Succeeded"]},"type":"Response","kind":"PowerApp","inputs":{"schema":{"type":"object","properties":{"link":{"title":"link","type":"string","x-ms-content-hint":"TEXT","x-ms-dynamically-added":true}},"additionalProperties":{}},"statusCode":200,"body":{"link":"@variables('encoded')"}}}}},"connectionReferences":{},"flowFailureAlertSubscribed":false,"isManaged":false}}