{"name":"4f47eddb-398f-46e3-902e-4999fb0380f2","id":"/providers/Microsoft.Flow/flows/4f47eddb-398f-46e3-902e-4999fb0380f2","type":"Microsoft.Flow/flows","properties":{"apiId":"/providers/Microsoft.PowerApps/apis/shared_logicflows","displayName":"goodExtract","definition":{"metadata":{"workflowEntityId":null,"processAdvisorMetadata":null,"flowChargedByPaygo":null,"flowclientsuspensionreason":"None","flowclientsuspensiontime":null,"flowclientsuspensionreasondetails":null,"creator":{"id":"1cbcac51-2613-4aad-af52-e0262dd0e325","type":"User","tenantId":"368845eb-8556-4477-8057-b6b0a1cc73a4"},"provisioningMethod":"FromDefinition","failureAlertSubscription":true,"clientLastModifiedTime":"2024-04-26T19:23:29.1157231Z","connectionKeySavedTimeKey":"2024-04-26T19:11:04.2435589Z"},"$schema":"https://schema.management.azure.com/providers/Microsoft.Logic/schemas/2016-06-01/workflowdefinition.json#","contentVersion":"1.0.0.0","parameters":{"$authentication":{"defaultValue":{},"type":"SecureObject"}},"triggers":{"manual":{"metadata":{"operationMetadataId":"6cfa6f01-11f3-4f92-9fb3-f61903a2a976"},"type":"Request","kind":"PowerApp","inputs":{"schema":{"type":"object","properties":{"PowerAppsImageValue_Value":{"type":"string","description":"Enter initial value","x-ms-powerflows-param-ispartial":false}},"required":["PowerAppsImageValue_Value"]}}}},"actions":{"Respond_to_a_PowerApp_or_flow":{"runAfter":{"Join_all_text_elements_together":["Succeeded"]},"metadata":{"operationMetadataId":"7c3179f0-adf6-4f67-bc8e-23b3056e0ac9"},"type":"Response","kind":"PowerApp","inputs":{"statusCode":200,"body":{"text":"@body('Join_all_text_elements_together')"},"schema":{"type":"object","properties":{"text":{"title":"Text","x-ms-dynamically-added":true,"type":"string"}}}}},"Initialize_ApiKey_Variable_for_Computer_Vision_API":{"runAfter":{},"metadata":{"operationMetadataId":"f893da97-09e3-4e99-9663-db903ae229d9"},"type":"InitializeVariable","inputs":{"variables":[{"name":"ApiKey","type":"string","value":"d01484c812394cea92613169ac97acd9"}]}},"HTTP_(using_v3.1_Computer_Vision)":{"runAfter":{"Remove_the_Header_Info_from_the_Power_Apps_Image_Value":["Succeeded"]},"metadata":{"operationMetadataId":"f22e3879-a7c4-4fc7-830a-171500c2b9b4"},"type":"Http","inputs":{"method":"POST","uri":"@variables('Computer Vision URL Endpoint')","headers":{"Content-Type":"application/octet-stream","Accept":"application/json","Ocp-Apim-Subscription-Key":"@variables('ApiKey')"},"body":"@base64ToBinary(variables('ImageBase64'))"}},"Store_Operation-Location":{"runAfter":{"HTTP_(using_v3.1_Computer_Vision)":["Succeeded"]},"metadata":{"operationMetadataId":"fff7215f-2455-4878-8191-b43aa0479006"},"type":"InitializeVariable","inputs":{"variables":[{"name":"ResultUrl","type":"string","value":"@{outputs('HTTP_(using_v3.1_Computer_Vision)')['headers']?['Operation-Location']}"}]}},"Initialize_OperationCompleted_variable":{"runAfter":{"Store_Operation-Location":["Succeeded"]},"metadata":{"operationMetadataId":"7c5f68da-f790-445c-bfff-cfb687612925"},"type":"InitializeVariable","inputs":{"variables":[{"name":"OperationCompleted","type":"string"}]}},"Do_until":{"actions":{"Parse_JSON":{"runAfter":{"HTTP_(using_v3.1_Computer_Vision)_3":["Succeeded"]},"metadata":{"operationMetadataId":"1a0dfc7a-24f9-418d-a977-fc438215320c"},"type":"ParseJson","inputs":{"content":"@body('HTTP_(using_v3.1_Computer_Vision)_3')","schema":{"type":"object","properties":{"status":{"type":"string"},"createdDateTime":{"type":"string"},"lastUpdatedDateTime":{"type":"string"},"analyzeResult":{"type":"object","properties":{"version":{"type":"string"},"readResults":{"type":"array","items":{"type":"object","properties":{"page":{"type":"integer"},"angle":{"type":"number"},"width":{"type":"integer"},"height":{"type":"integer"},"unit":{"type":"string"},"lines":{"type":"array","items":{"type":"object","properties":{"boundingBox":{"type":"array","items":{"type":"integer"}},"text":{"type":"string"},"words":{"type":"array","items":{"type":"object","properties":{"boundingBox":{"type":"array","items":{"type":"integer"}},"text":{"type":"string"},"confidence":{"type":"number"}},"required":["boundingBox","text","confidence"]}}},"required":["boundingBox","text","words"]}}},"required":["page","angle","width","height","unit","lines"]}}}}}}}},"Set_variable":{"runAfter":{"Parse_JSON":["Succeeded"]},"metadata":{"operationMetadataId":"ce207f5a-d9a4-43a9-b876-c7b3951248bc"},"type":"SetVariable","inputs":{"name":"OperationCompleted","value":"@body('Parse_JSON')?['status']"}},"Delay":{"runAfter":{},"metadata":{"operationMetadataId":"13193dcd-295f-488e-9465-89fa9021e5de"},"type":"Wait","inputs":{"interval":{"count":1,"unit":"Second"}}},"HTTP_(using_v3.1_Computer_Vision)_3":{"runAfter":{"Delay":["Succeeded"]},"metadata":{"operationMetadataId":"eb0ad4ac-a66f-4968-9e96-236f78d6bd7e"},"type":"Http","inputs":{"method":"GET","uri":"@variables('ResultUrl')","headers":{"Content-Type":"application/json","Accept":"application/json","Ocp-Apim-Subscription-Key":"@variables('ApiKey')"}}}},"runAfter":{"Initialize_OperationCompleted_variable":["Succeeded"]},"expression":"@equals(variables('OperationCompleted'), 'succeeded')","limit":{"count":10,"timeout":"PT1H"},"metadata":{"operationMetadataId":"5cd7885b-3f12-4ac1-b758-883ab3298cba"},"type":"Until"},"Initialize_the_text_array":{"runAfter":{"Do_until":["Succeeded"]},"metadata":{"operationMetadataId":"90896683-aa61-414a-b8fd-ea937d6b4a6a"},"type":"InitializeVariable","inputs":{"variables":[{"name":"TextArray","type":"array"}]}},"Apply_to_each":{"foreach":"@body('Parse_JSON')?['analyzeResult']?['readResults']","actions":{"Apply_to_each_2":{"foreach":"@items('Apply_to_each')?['lines']","actions":{"Append_to_array_variable":{"runAfter":{},"metadata":{"operationMetadataId":"0f150310-45dc-434b-99ff-f6985f4beab9"},"type":"AppendToArrayVariable","inputs":{"name":"TextArray","value":"@items('Apply_to_each_2')?['text']"}}},"runAfter":{},"metadata":{"operationMetadataId":"71c525f6-1e5b-4c7d-ab94-43f558f86c9e"},"type":"Foreach"}},"runAfter":{"Initialize_the_text_array":["Succeeded"]},"metadata":{"operationMetadataId":"79a139d1-6cd1-453a-a759-0099508fb808"},"type":"Foreach"},"Join_all_text_elements_together":{"runAfter":{"Apply_to_each":["Succeeded"]},"metadata":{"operationMetadataId":"26368a1a-d60d-422d-9feb-8fde8c33e955"},"type":"Join","inputs":{"from":"@variables('TextArray')","joinWith":" "}},"Power_Apps_Image_Value":{"runAfter":{"Initialize_variable":["Succeeded"]},"metadata":{"operationMetadataId":"0ec639ae-53fc-4f74-ac50-a70bf2fdf43d"},"type":"InitializeVariable","inputs":{"variables":[{"name":"RawImageValue","type":"string","value":"@{triggerBody()['PowerAppsImageValue_Value']}"}]}},"Set_the_Split_Text_Value_for_the_Power_Apps_Image_Value":{"runAfter":{"Power_Apps_Image_Value":["Succeeded"]},"metadata":{"operationMetadataId":"5f6c0217-2bd9-4097-a943-00b163ac3c11"},"type":"InitializeVariable","inputs":{"variables":[{"name":"SplitTextValue","type":"string","value":"base64,"}]}},"Remove_the_Header_Info_from_the_Power_Apps_Image_Value":{"runAfter":{"Set_the_Split_Text_Value_for_the_Power_Apps_Image_Value":["Succeeded"]},"metadata":{"operationMetadataId":"dd9f93c3-7b8c-41b2-8660-776960811e27"},"type":"InitializeVariable","inputs":{"variables":[{"name":"ImageBase64","type":"string","value":"@{substring(variables('RawImageValue'), add(indexOf(variables('RawImageValue'), variables('SplitTextValue')), length(variables('SplitTextValue'))))}"}]}},"Initialize_variable":{"runAfter":{"Initialize_ApiKey_Variable_for_Computer_Vision_API":["Succeeded"]},"metadata":{"operationMetadataId":"8c64086e-4277-424f-89e4-79ff93eaa962"},"type":"InitializeVariable","inputs":{"variables":[{"name":"Computer Vision URL Endpoint","type":"string","value":"https://newestcomputervision.cognitiveservices.azure.com/vision/v3.1/read/analyze"}]}}},"outputs":{}},"connectionReferences":{},"flowFailureAlertSubscribed":false,"isManaged":false}}