{"name":"beac7dff-f466-49b9-a0f4-b2dded5baa7f","id":"/providers/Microsoft.Flow/flows/beac7dff-f466-49b9-a0f4-b2dded5baa7f","type":"Microsoft.Flow/flows","properties":{"apiId":"/providers/Microsoft.PowerApps/apis/shared_logicflows","displayName":"voice_rss - 2","definition":{"metadata":{"workflowEntityId":null,"processAdvisorMetadata":null,"flowChargedByPaygo":null,"flowclientsuspensionreason":"None","flowclientsuspensiontime":null,"flowclientsuspensionreasondetails":null,"creator":{"id":"1cbcac51-2613-4aad-af52-e0262dd0e325","type":"User","tenantId":"368845eb-8556-4477-8057-b6b0a1cc73a4"},"provisioningMethod":"FromDefinition","failureAlertSubscription":true,"clientLastModifiedTime":"2024-04-26T19:25:59.1677143Z","connectionKeySavedTimeKey":"2024-04-26T19:11:04.2435589Z"},"$schema":"https://schema.management.azure.com/providers/Microsoft.Logic/schemas/2016-06-01/workflowdefinition.json#","contentVersion":"1.0.0.0","parameters":{"$authentication":{"defaultValue":{},"type":"SecureObject"},"$connections":{"defaultValue":{},"type":"Object"}},"triggers":{"manual":{"metadata":{"operationMetadataId":"a1a1087c-60dc-464e-9b94-dbd53d5a6bb4"},"type":"Request","kind":"PowerAppV2","inputs":{"schema":{"type":"object","properties":{"text":{"title":"TextToSay","type":"string","x-ms-dynamically-added":true,"description":"Text that will be spoken","x-ms-content-hint":"TEXT"}},"required":["text"]}}}},"actions":{"HTTP":{"runAfter":{},"metadata":{"operationMetadataId":"242a1be2-7e69-4291-ae3f-56555fe1f633"},"type":"Http","inputs":{"uri":"http://api.voicerss.org/?key=2cfcaa7dcb9b4f78bac2f3f078fcc14c&hl=en-us&c=MP3&f=16khz_16bit_stereo&src=@{triggerBody()['text']}","method":"GET"}},"Parse_JSON":{"runAfter":{"Initialize_variable_-_body_as_array":["Succeeded"]},"type":"ParseJson","inputs":{"content":"@variables('httpBody')","schema":{"type":"array","items":{"type":"object","properties":{"$content-type":{"type":"string"},"$content":{"type":"string"}},"required":["$content-type","$content"]}}}},"Initialize_variable_-_body_as_array":{"runAfter":{"HTTP":["Succeeded"]},"type":"InitializeVariable","inputs":{"variables":[{"name":"httpBody","type":"array","value":"@array(body('HTTP'))"}]}},"Respond_to_a_PowerApp_or_flow":{"runAfter":{"For_each":["Succeeded"]},"type":"Response","kind":"PowerApp","inputs":{"schema":{"type":"object","properties":{"response":{"title":"response","type":"string","x-ms-content-hint":"TEXT","x-ms-dynamically-added":true}},"additionalProperties":{}},"statusCode":200,"body":{"response":"@variables('realout')"}}},"For_each":{"foreach":"@outputs('Parse_JSON')['body']","actions":{"Set_variable":{"type":"SetVariable","inputs":{"name":"realout","value":"@items('For_each')['$content']"}}},"runAfter":{"realout_variable":["Succeeded"]},"type":"Foreach"},"realout_variable":{"runAfter":{"Parse_JSON":["Succeeded"]},"type":"InitializeVariable","inputs":{"variables":[{"name":"realout","type":"string"}]}}}},"connectionReferences":{},"flowFailureAlertSubscribed":false,"isManaged":false}}